method,wall_target,trial,gen_time_us,walls_placed,enemies_placed,chest_placed,items_placed
procedural,3,0,328,3,4,1,3
procedural,3,1,522,3,4,1,1
procedural,3,2,498,3,4,1,3
procedural,3,3,484,3,4,1,3
procedural,3,4,434,3,4,1,3
procedural,3,5,516,3,4,1,3
procedural,3,6,451,3,4,1,0
procedural,3,7,384,3,4,1,3
procedural,3,8,417,3,4,1,2
procedural,3,9,357,3,4,1,0
procedural,3,10,503,3,4,1,0
procedural,3,11,499,3,4,1,3
procedural,3,12,489,3,4,1,1
procedural,3,13,409,3,4,1,0
procedural,3,14,417,3,4,1,3
procedural,3,15,432,3,4,1,3
procedural,3,16,423,3,4,1,2
procedural,3,17,435,3,4,1,2
procedural,3,18,383,3,4,1,1
procedural,3,19,419,3,4,1,1
procedural,3,20,426,3,4,1,1
procedural,3,21,475,3,4,1,0
procedural,3,22,477,3,4,1,0
procedural,3,23,424,3,4,1,1
procedural,3,24,385,3,4,1,2
procedural,3,25,406,3,4,1,0
procedural,3,26,484,3,4,1,3
procedural,3,27,512,3,4,1,3
procedural,3,28,378,3,4,1,0
procedural,3,29,478,3,4,1,1
procedural,6,0,366,6,4,1,1
procedural,6,1,410,6,4,1,1
procedural,6,2,420,6,4,1,2
procedural,6,3,342,6,4,1,0
procedural,6,4,408,6,4,1,1
procedural,6,5,374,6,4,1,0
procedural,6,6,380,6,4,1,1
procedural,6,7,488,6,4,1,2
procedural,6,8,481,6,4,1,0
procedural,6,9,386,6,4,1,2
procedural,6,10,422,6,4,1,2
procedural,6,11,366,6,4,1,3
procedural,6,12,368,6,4,1,1
procedural,6,13,378,6,4,1,2
procedural,6,14,421,6,4,1,3
procedural,6,15,409,6,4,1,1
procedural,6,16,493,6,4,1,3
procedural,6,17,419,6,4,1,3
procedural,6,18,401,6,4,1,0
procedural,6,19,493,6,4,1,1
procedural,6,20,375,6,4,1,2
procedural,6,21,357,6,4,1,0
procedural,6,22,347,6,4,1,1
procedural,6,23,509,6,4,1,3
procedural,6,24,503,6,4,1,2
procedural,6,25,500,6,4,1,2
procedural,6,26,356,6,4,1,1
procedural,6,27,429,6,4,1,2
procedural,6,28,408,6,4,1,3
procedural,6,29,423,6,4,1,0
procedural,9,0,401,9,4,1,0
procedural,9,1,414,9,4,1,0
procedural,9,2,413,9,4,1,1
procedural,9,3,487,9,4,1,1
procedural,9,4,372,9,4,1,3
procedural,9,5,369,9,4,1,0
procedural,9,6,524,9,4,1,1
procedural,9,7,487,9,4,1,1
procedural,9,8,405,9,4,1,2
procedural,9,9,391,9,4,1,2
procedural,9,10,383,9,4,1,1
procedural,9,11,359,9,4,1,2
procedural,9,12,366,9,4,1,3
procedural,9,13,382,9,4,1,2
procedural,9,14,377,9,4,1,0
procedural,9,15,405,9,4,1,0
procedural,9,16,489,9,4,1,0
procedural,9,17,516,9,4,1,3
procedural,9,18,411,9,4,1,0
procedural,9,19,392,9,4,1,1
procedural,9,20,370,9,4,1,1
procedural,9,21,413,9,4,1,1
procedural,9,22,414,9,4,1,2
procedural,9,23,403,9,4,1,1
procedural,9,24,408,9,4,1,0
procedural,9,25,394,9,4,1,3
procedural,9,26,491,9,4,1,2
procedural,9,27,507,9,4,1,3
procedural,9,28,510,9,4,1,2
procedural,9,29,432,9,4,1,2
procedural,12,0,494,12,4,1,3
procedural,12,1,382,12,4,1,1
procedural,12,2,424,12,4,1,1
procedural,12,3,409,12,4,1,1
procedural,12,4,505,12,4,1,0
procedural,12,5,484,12,4,1,3
procedural,12,6,413,12,4,1,3
procedural,12,7,372,12,4,1,2
procedural,12,8,419,12,4,1,3
procedural,12,9,502,12,4,1,3
procedural,12,10,513,12,4,1,0
procedural,12,11,384,12,4,1,0
procedural,12,12,385,12,4,1,1
procedural,12,13,423,12,4,1,2
procedural,12,14,399,12,4,1,1
procedural,12,15,387,12,4,1,3
procedural,12,16,492,12,4,1,2
procedural,12,17,363,12,4,1,3
procedural,12,18,405,12,4,1,2
procedural,12,19,423,12,4,1,0
procedural,12,20,493,12,4,1,0
procedural,12,21,487,12,4,1,0
procedural,12,22,519,12,4,1,0
procedural,12,23,375,12,4,1,2
procedural,12,24,494,12,4,1,2
procedural,12,25,530,12,4,1,2
procedural,12,26,427,12,4,1,3
procedural,12,27,380,12,4,1,3
procedural,12,28,522,12,4,1,2
procedural,12,29,434,12,4,1,2
procedural,15,0,450,15,4,1,0
procedural,15,1,488,15,4,1,2
procedural,15,2,476,15,4,1,1
procedural,15,3,403,15,4,1,0
procedural,15,4,519,15,4,1,1
procedural,15,5,515,15,4,1,0
procedural,15,6,504,15,4,1,0
procedural,15,7,440,15,4,1,3
procedural,15,8,426,15,4,1,0
procedural,15,9,496,15,4,1,1
procedural,15,10,535,15,4,1,1
procedural,15,11,507,15,4,1,2
procedural,15,12,384,15,4,1,0
procedural,15,13,494,15,4,1,2
procedural,15,14,479,15,4,1,0
procedural,15,15,449,15,4,1,2
procedural,15,16,430,15,4,1,3
procedural,15,17,404,15,4,1,1
procedural,15,18,423,15,4,1,3
procedural,15,19,467,15,4,1,0
procedural,15,20,389,15,4,1,0
procedural,15,21,495,15,4,1,0
procedural,15,22,491,15,4,1,3
procedural,15,23,485,15,4,1,3
procedural,15,24,418,15,4,1,2
procedural,15,25,454,15,4,1,3
procedural,15,26,386,15,4,1,0
procedural,15,27,525,15,4,1,0
procedural,15,28,511,15,4,1,0
procedural,15,29,457,15,4,1,1
procedural,18,0,570,18,4,1,3
procedural,18,1,410,18,4,1,1
procedural,18,2,444,18,4,1,2
procedural,18,3,483,18,4,1,0
procedural,18,4,543,18,4,1,0
procedural,18,5,515,18,4,1,1
procedural,18,6,503,18,4,1,1
procedural,18,7,512,18,4,1,1
procedural,18,8,540,18,4,1,3
procedural,18,9,502,18,4,1,2
procedural,18,10,543,18,4,1,0
procedural,18,11,508,18,4,1,2
procedural,18,12,446,18,4,1,3
procedural,18,13,475,18,4,1,2
procedural,18,14,442,18,4,1,3
procedural,18,15,534,18,4,1,3
procedural,18,16,466,18,4,1,1
procedural,18,17,402,18,4,1,3
procedural,18,18,518,18,4,1,0
procedural,18,19,523,18,4,1,1
procedural,18,20,448,18,4,1,3
procedural,18,21,433,18,4,1,0
procedural,18,22,530,18,4,1,3
procedural,18,23,539,18,4,1,2
procedural,18,24,459,18,4,1,2
procedural,18,25,425,18,4,1,0
procedural,18,26,468,18,4,1,2
procedural,18,27,470,18,4,1,1
procedural,18,28,450,18,4,1,3
procedural,18,29,476,18,4,1,0
procedural,21,0,922,19,4,1,0
procedural,21,1,1163,18,4,1,1
procedural,21,2,484,21,4,1,2
procedural,21,3,519,21,4,1,3
procedural,21,4,496,21,4,1,0
procedural,21,5,569,21,4,1,0
procedural,21,6,686,20,4,1,3
procedural,21,7,862,19,4,1,2
procedural,21,8,902,19,4,1,2
procedural,21,9,593,21,4,1,1
procedural,21,10,476,21,4,1,1
procedural,21,11,1306,16,4,1,0
procedural,21,12,579,21,4,1,2
procedural,21,13,853,20,4,1,0
procedural,21,14,515,21,4,1,3
procedural,21,15,551,21,4,1,1
procedural,21,16,717,20,4,1,3
procedural,21,17,527,21,4,1,3
procedural,21,18,974,19,4,1,2
procedural,21,19,542,21,4,1,3
procedural,21,20,574,21,4,1,0
procedural,21,21,543,21,4,1,3
procedural,21,22,991,18,4,1,0
procedural,21,23,522,21,4,1,1
procedural,21,24,553,21,4,1,2
procedural,21,25,886,19,4,1,2
procedural,21,26,441,21,4,1,3
procedural,21,27,479,21,4,1,3
procedural,21,28,785,20,4,1,2
procedural,21,29,457,21,4,1,2
procedural,24,0,833,23,4,1,1
procedural,24,1,1058,21,4,1,3
procedural,24,2,623,24,4,1,2
procedural,24,3,720,23,4,1,3
procedural,24,4,544,24,4,1,1
procedural,24,5,549,24,4,1,3
procedural,24,6,1157,20,4,1,1
procedural,24,7,1140,21,4,1,0
procedural,24,8,1469,19,4,1,3
procedural,24,9,1732,19,4,1,3
procedural,24,10,573,24,4,1,3
procedural,24,11,628,24,4,1,1
procedural,24,12,668,24,4,1,1
procedural,24,13,620,24,4,1,2
procedural,24,14,638,24,4,1,2
procedural,24,15,655,24,4,1,1
procedural,24,16,536,24,4,1,0
procedural,24,17,1351,19,4,1,0
procedural,24,18,593,24,4,1,1
procedural,24,19,1816,17,4,1,1
procedural,24,20,1458,19,4,1,1
procedural,24,21,779,24,4,1,2
procedural,24,22,1466,18,4,1,2
procedural,24,23,1342,19,4,1,2
procedural,24,24,581,24,4,1,1
procedural,24,25,1113,21,4,1,1
procedural,24,26,706,24,4,1,2
procedural,24,27,593,24,4,1,3
procedural,24,28,606,24,4,1,0
procedural,24,29,577,24,4,1,2
procedural,27,0,1534,25,4,1,2
procedural,27,1,1108,25,4,1,0
procedural,27,2,710,27,4,1,3
procedural,27,3,1797,22,4,1,0
procedural,27,4,2369,17,4,1,3
procedural,27,5,704,27,4,1,0
procedural,27,6,598,27,4,1,1
procedural,27,7,645,27,4,1,2
procedural,27,8,718,27,4,1,2
procedural,27,9,1669,20,4,1,1
procedural,27,10,2201,18,4,1,0
procedural,27,11,2265,16,4,1,3
procedural,27,12,1711,20,4,1,3
procedural,27,13,1524,25,4,1,0
procedural,27,14,1925,19,4,1,2
procedural,27,15,969,26,4,1,1
procedural,27,16,1550,23,4,1,0
procedural,27,17,2002,18,4,1,3
procedural,27,18,1723,24,4,1,0
procedural,27,19,621,27,4,1,3
procedural,27,20,2127,18,4,1,2
procedural,27,21,657,27,4,1,0
procedural,27,22,2101,18,4,1,0
procedural,27,23,622,27,4,1,1
procedural,27,24,582,27,4,1,3
procedural,27,25,2541,17,4,1,0
procedural,27,26,1149,26,4,1,2
procedural,27,27,693,27,4,1,3
procedural,27,28,1645,23,4,1,0
procedural,27,29,1211,25,4,1,3
procedural,30,0,1844,29,4,1,1
procedural,30,1,2613,19,4,1,1
procedural,30,2,844,30,4,1,3
procedural,30,3,909,30,4,1,1
procedural,30,4,1877,26,4,1,0
procedural,30,5,754,30,4,1,1
procedural,30,6,2309,20,4,1,2
procedural,30,7,718,30,4,1,3
procedural,30,8,2211,20,4,1,0
procedural,30,9,2402,24,4,1,3
procedural,30,10,2645,23,4,1,3
procedural,30,11,1048,30,4,1,2
procedural,30,12,1497,29,4,1,2
procedural,30,13,2658,22,4,1,2
procedural,30,14,1334,29,4,1,3
procedural,30,15,746,30,4,1,3
procedural,30,16,890,30,4,1,2
procedural,30,17,1898,26,4,1,2
procedural,30,18,2181,21,4,1,1
procedural,30,19,2187,24,4,1,3
procedural,30,20,1884,27,4,1,3
procedural,30,21,819,30,4,1,1
procedural,30,22,2226,19,4,1,1
procedural,30,23,1542,28,4,1,0
procedural,30,24,2209,21,4,1,3
procedural,30,25,2400,24,4,1,3
procedural,30,26,1512,29,4,1,3
procedural,30,27,1398,28,4,1,0
procedural,30,28,878,30,4,1,1
procedural,30,29,1019,30,4,1,2
procedural,50,0,7340,32,4,1,3
procedural,50,1,5439,21,4,1,0
procedural,50,2,8219,32,4,1,2
procedural,50,3,5692,18,4,1,1
procedural,50,4,5877,18,4,1,1
procedural,50,5,6287,19,4,1,0
procedural,50,6,5737,19,4,1,0
procedural,50,7,8520,30,4,1,2
procedural,50,8,7654,22,4,1,2
procedural,50,9,6325,26,4,1,2
procedural,50,10,7415,26,4,1,3
procedural,50,11,5580,19,4,1,3
procedural,50,12,5641,19,4,1,3
procedural,50,13,5475,23,4,1,2
procedural,50,14,7792,23,4,1,1
procedural,50,15,6282,18,4,1,3
procedural,50,16,6861,25,4,1,0
procedural,50,17,5931,18,4,1,1
procedural,50,18,6978,23,4,1,0
procedural,50,19,6528,19,4,1,1
procedural,50,20,7677,33,4,1,2
procedural,50,21,6785,27,4,1,0
procedural,50,22,9038,29,4,1,1
procedural,50,23,7683,31,4,1,1
procedural,50,24,5474,21,4,1,0
procedural,50,25,10313,27,4,1,2
procedural,50,26,4952,22,4,1,3
procedural,50,27,6364,26,4,1,3
procedural,50,28,5733,20,4,1,2
procedural,50,29,7765,32,4,1,1
procedural,100,0,27505,30,4,1,2
procedural,100,1,26603,30,4,1,1
procedural,100,2,14255,18,4,1,1
procedural,100,3,14160,20,4,1,3
procedural,100,4,28433,28,4,1,1
procedural,100,5,25815,30,4,1,1
procedural,100,6,25736,32,4,1,2
procedural,100,7,26883,30,4,1,3
procedural,100,8,19921,22,4,1,3
procedural,100,9,29737,28,4,1,0
procedural,100,10,26153,31,4,1,1
procedural,100,11,21098,24,4,1,1
procedural,100,12,12708,21,4,1,1
procedural,100,13,15247,20,4,1,1
procedural,100,14,27202,32,4,1,1
procedural,100,15,14820,18,4,1,0
procedural,100,16,15420,20,4,1,1
procedural,100,17,26032,33,4,1,2
procedural,100,18,26611,32,4,1,2
procedural,100,19,13385,19,4,1,1
procedural,100,20,15594,22,4,1,1
procedural,100,21,13135,21,4,1,0
procedural,100,22,18808,28,4,1,2
procedural,100,23,25181,32,4,1,2
procedural,100,24,24854,32,4,1,3
procedural,100,25,14384,17,4,1,1
procedural,100,26,14208,21,4,1,2
procedural,100,27,27223,29,4,1,3
procedural,100,28,20281,26,4,1,2
procedural,100,29,13536,21,4,1,0
bsp,3,0,462,4,4,1,1
bsp,3,1,423,5,4,1,3
bsp,3,2,515,8,4,1,2
bsp,3,3,516,8,4,1,1
bsp,3,4,396,8,4,1,1
bsp,3,5,499,8,4,1,2
bsp,3,6,392,3,4,1,2
bsp,3,7,461,4,4,1,1
bsp,3,8,389,8,4,1,0
bsp,3,9,401,3,4,1,0
bsp,3,10,423,3,4,1,3
bsp,3,11,387,10,4,1,3
bsp,3,12,423,8,4,1,1
bsp,3,13,420,4,4,1,1
bsp,3,14,428,8,4,1,0
bsp,3,15,528,8,4,1,0
bsp,3,16,417,4,4,1,0
bsp,3,17,365,8,4,1,0
bsp,3,18,395,3,4,1,0
bsp,3,19,511,8,4,1,1
bsp,3,20,363,10,4,1,2
bsp,3,21,372,10,4,1,2
bsp,3,22,378,8,4,1,1
bsp,3,23,523,8,4,1,2
bsp,3,24,375,8,4,1,1
bsp,3,25,442,8,4,1,1
bsp,3,26,521,8,4,1,1
bsp,3,27,518,8,4,1,1
bsp,3,28,377,8,4,1,2
bsp,3,29,512,8,4,1,2
bsp,6,0,422,8,4,1,0
bsp,6,1,374,8,4,1,0
bsp,6,2,414,13,4,1,2
bsp,6,3,532,8,4,1,2
bsp,6,4,388,8,4,1,2
bsp,6,5,418,13,4,1,2
bsp,6,6,495,8,4,1,3
bsp,6,7,409,8,4,1,1
bsp,6,8,389,8,4,1,3
bsp,6,9,509,8,4,1,2
bsp,6,10,447,8,4,1,3
bsp,6,11,390,8,4,1,0
bsp,6,12,450,8,4,1,3
bsp,6,13,371,8,4,1,1
bsp,6,14,397,6,4,1,1
bsp,6,15,409,13,4,1,0
bsp,6,16,419,13,4,1,3
bsp,6,17,373,8,4,1,2
bsp,6,18,422,11,4,1,1
bsp,6,19,387,8,4,1,1
bsp,6,20,534,8,4,1,1
bsp,6,21,493,8,4,1,1
bsp,6,22,394,12,4,1,3
bsp,6,23,421,12,4,1,0
bsp,6,24,499,8,4,1,3
bsp,6,25,430,8,4,1,1
bsp,6,26,369,6,4,1,0
bsp,6,27,514,8,4,1,0
bsp,6,28,371,11,4,1,1
bsp,6,29,428,8,4,1,0
bsp,9,0,437,9,4,1,1
bsp,9,1,414,12,4,1,3
bsp,9,2,362,10,4,1,1
bsp,9,3,364,15,4,1,1
bsp,9,4,513,16,4,1,3
bsp,9,5,396,13,4,1,0
bsp,9,6,408,13,4,1,1
bsp,9,7,382,11,4,1,0
bsp,9,8,503,16,4,1,3
bsp,9,9,433,12,4,1,3
bsp,9,10,418,12,4,1,2
bsp,9,11,383,11,4,1,3
bsp,9,12,384,11,4,1,3
bsp,9,13,409,9,4,1,2
bsp,9,14,435,9,4,1,2
bsp,9,15,436,13,4,1,0
bsp,9,16,383,11,4,1,1
bsp,9,17,365,11,4,1,1
bsp,9,18,442,12,4,1,3
bsp,9,19,382,10,4,1,3
bsp,9,20,490,16,4,1,2
bsp,9,21,408,12,4,1,2
bsp,9,22,505,15,4,1,1
bsp,9,23,506,16,4,1,1
bsp,9,24,368,11,4,1,0
bsp,9,25,494,16,4,1,2
bsp,9,26,352,15,4,1,1
bsp,9,27,422,13,4,1,1
bsp,9,28,385,10,4,1,1
bsp,9,29,376,11,4,1,0
bsp,12,0,387,15,4,1,3
bsp,12,1,370,16,4,1,3
bsp,12,2,506,16,4,1,3
bsp,12,3,509,16,4,1,1
bsp,12,4,363,15,4,1,1
bsp,12,5,409,13,4,1,0
bsp,12,6,411,15,4,1,2
bsp,12,7,432,13,4,1,3
bsp,12,8,384,15,4,1,1
bsp,12,9,368,16,4,1,2
bsp,12,10,383,15,4,1,2
bsp,12,11,421,12,4,1,0
bsp,12,12,425,12,4,1,3
bsp,12,13,393,16,4,1,1
bsp,12,14,380,14,4,1,2
bsp,12,15,507,16,4,1,2
bsp,12,16,417,13,4,1,0
bsp,12,17,416,16,4,1,3
bsp,12,18,401,12,4,1,0
bsp,12,19,498,16,4,1,2
bsp,12,20,427,12,4,1,0
bsp,12,21,424,13,4,1,3
bsp,12,22,403,12,4,1,1
bsp,12,23,399,12,4,1,1
bsp,12,24,515,16,4,1,0
bsp,12,25,402,14,4,1,3
bsp,12,26,419,12,4,1,2
bsp,12,27,403,15,4,1,2
bsp,12,28,395,16,4,1,1
bsp,12,29,502,15,4,1,2
bsp,15,0,377,18,4,1,3
bsp,15,1,504,16,4,1,0
bsp,15,2,380,17,4,1,3
bsp,15,3,402,19,4,1,3
bsp,15,4,518,16,4,1,0
bsp,15,5,474,16,4,1,1
bsp,15,6,363,17,4,1,1
bsp,15,7,398,16,4,1,3
bsp,15,8,379,16,4,1,3
bsp,15,9,399,18,4,1,1
bsp,15,10,447,18,4,1,2
bsp,15,11,477,16,4,1,0
bsp,15,12,420,18,4,1,0
bsp,15,13,369,15,4,1,2
bsp,15,14,360,18,4,1,0
bsp,15,15,514,16,4,1,3
bsp,15,16,434,15,4,1,1
bsp,15,17,375,15,4,1,1
bsp,15,18,375,16,4,1,3
bsp,15,19,365,17,4,1,1
bsp,15,20,425,15,4,1,2
bsp,15,21,463,15,4,1,1
bsp,15,22,406,17,4,1,2
bsp,15,23,375,15,4,1,3
bsp,15,24,356,15,4,1,0
bsp,15,25,508,16,4,1,1
bsp,15,26,458,16,4,1,0
bsp,15,27,496,16,4,1,3
bsp,15,28,513,16,4,1,2
bsp,15,29,429,17,4,1,1
bsp,18,0,472,22,4,1,3
bsp,18,1,366,20,4,1,2
bsp,18,2,493,21,4,1,1
bsp,18,3,495,21,4,1,2
bsp,18,4,362,19,4,1,3
bsp,18,5,414,19,4,1,0
bsp,18,6,412,21,4,1,1
bsp,18,7,512,23,4,1,2
bsp,18,8,376,22,4,1,2
bsp,18,9,376,21,4,1,1
bsp,18,10,385,21,4,1,0
bsp,18,11,356,19,4,1,3
bsp,18,12,353,21,4,1,3
bsp,18,13,371,21,4,1,1
bsp,18,14,503,21,4,1,1
bsp,18,15,353,21,4,1,2
bsp,18,16,345,21,4,1,2
bsp,18,17,375,20,4,1,1
bsp,18,18,412,18,4,1,0
bsp,18,19,400,21,4,1,1
bsp,18,20,427,21,4,1,2
bsp,18,21,371,20,4,1,0
bsp,18,22,410,20,4,1,3
bsp,18,23,409,18,4,1,1
bsp,18,24,493,23,4,1,3
bsp,18,25,406,18,4,1,2
bsp,18,26,400,19,4,1,1
bsp,18,27,470,23,4,1,0
bsp,18,28,373,18,4,1,3
bsp,18,29,499,21,4,1,0
bsp,21,0,400,22,4,1,2
bsp,21,1,463,21,4,1,0
bsp,21,2,363,21,4,1,2
bsp,21,3,392,21,4,1,3
bsp,21,4,486,24,4,1,2
bsp,21,5,468,21,4,1,1
bsp,21,6,463,21,4,1,2
bsp,21,7,365,22,4,1,0
bsp,21,8,419,21,4,1,2
bsp,21,9,391,21,4,1,3
bsp,21,10,431,23,4,1,3
bsp,21,11,419,22,4,1,3
bsp,21,12,394,22,4,1,1
bsp,21,13,383,22,4,1,1
bsp,21,14,384,21,4,1,2
bsp,21,15,504,21,4,1,0
bsp,21,16,493,23,4,1,1
bsp,21,17,359,24,4,1,1
bsp,21,18,405,24,4,1,0
bsp,21,19,390,21,4,1,2
bsp,21,20,394,23,4,1,2
bsp,21,21,406,23,4,1,0
bsp,21,22,377,22,4,1,3
bsp,21,23,401,21,4,1,0
bsp,21,24,352,21,4,1,3
bsp,21,25,385,23,4,1,0
bsp,21,26,363,21,4,1,0
bsp,21,27,392,22,4,1,3
bsp,21,28,413,23,4,1,3
bsp,21,29,495,22,4,1,3
bsp,24,0,484,25,4,1,0
bsp,24,1,376,26,4,1,3
bsp,24,2,415,24,4,1,0
bsp,24,3,429,25,4,1,1
bsp,24,4,411,24,4,1,3
bsp,24,5,418,24,4,1,3
bsp,24,6,407,27,4,1,1
bsp,24,7,490,27,4,1,3
bsp,24,8,398,28,4,1,2
bsp,24,9,361,26,4,1,2
bsp,24,10,416,24,4,1,1
bsp,24,11,465,24,4,1,2
bsp,24,12,362,23,4,1,2
bsp,24,13,494,25,4,1,3
bsp,24,14,391,23,4,1,1
bsp,24,15,488,25,4,1,0
bsp,24,16,388,24,4,1,0
bsp,24,17,366,24,4,1,3
bsp,24,18,395,25,4,1,2
bsp,24,19,396,27,4,1,3
bsp,24,20,403,24,4,1,3
bsp,24,21,391,27,4,1,1
bsp,24,22,478,25,4,1,3
bsp,24,23,424,24,4,1,2
bsp,24,24,366,25,4,1,1
bsp,24,25,496,25,4,1,3
bsp,24,26,367,24,4,1,1
bsp,24,27,429,23,4,1,0
bsp,24,28,401,23,4,1,0
bsp,24,29,486,26,4,1,1
bsp,27,0,505,30,4,1,1
bsp,27,1,375,23,4,1,0
bsp,27,2,402,27,4,1,1
bsp,27,3,421,26,4,1,2
bsp,27,4,422,27,4,1,2
bsp,27,5,377,21,4,1,0
bsp,27,6,448,23,4,1,2
bsp,27,7,418,25,4,1,3
bsp,27,8,388,22,4,1,2
bsp,27,9,349,27,4,1,0
bsp,27,10,484,30,4,1,1
bsp,27,11,383,27,4,1,3
bsp,27,12,473,29,4,1,0
bsp,27,13,394,24,4,1,1
bsp,27,14,479,27,4,1,0
bsp,27,15,418,22,4,1,2
bsp,27,16,463,29,4,1,0
bsp,27,17,380,28,4,1,3
bsp,27,18,420,27,4,1,1
bsp,27,19,444,25,4,1,2
bsp,27,20,475,31,4,1,2
bsp,27,21,371,25,4,1,2
bsp,27,22,443,26,4,1,0
bsp,27,23,373,27,4,1,2
bsp,27,24,356,28,4,1,0
bsp,27,25,394,23,4,1,0
bsp,27,26,388,28,4,1,0
bsp,27,27,406,26,4,1,1
bsp,27,28,357,24,4,1,0
bsp,27,29,492,30,4,1,1
bsp,30,0,486,31,4,1,0
bsp,30,1,459,31,4,1,3
bsp,30,2,434,31,4,1,3
bsp,30,3,464,31,4,1,2
bsp,30,4,419,29,4,1,3
bsp,30,5,448,28,4,1,1
bsp,30,6,380,30,4,1,0
bsp,30,7,423,27,4,1,2
bsp,30,8,476,32,4,1,2
bsp,30,9,424,27,4,1,1
bsp,30,10,479,31,4,1,0
bsp,30,11,479,31,4,1,0
bsp,30,12,471,31,4,1,1
bsp,30,13,373,23,4,1,0
bsp,30,14,417,23,4,1,2
bsp,30,15,407,22,4,1,1
bsp,30,16,489,30,4,1,1
bsp,30,17,414,26,4,1,1
bsp,30,18,365,30,4,1,3
bsp,30,19,489,30,4,1,2
bsp,30,20,457,27,4,1,3
bsp,30,21,459,31,4,1,2
bsp,30,22,419,26,4,1,1
bsp,30,23,426,29,4,1,3
bsp,30,24,446,21,4,1,1
bsp,30,25,387,30,4,1,0
bsp,30,26,466,30,4,1,1
bsp,30,27,393,25,4,1,2
bsp,30,28,490,30,4,1,3
bsp,30,29,403,29,4,1,0
bsp,50,0,374,27,4,1,1
bsp,50,1,395,31,4,1,1
bsp,50,2,360,26,4,1,0
bsp,50,3,491,33,4,1,2
bsp,50,4,448,21,4,1,0
bsp,50,5,506,33,4,1,3
bsp,50,6,451,39,4,1,2
bsp,50,7,470,33,4,1,0
bsp,50,8,425,32,4,1,1
bsp,50,9,426,23,4,1,3
bsp,50,10,377,22,4,1,0
bsp,50,11,513,33,4,1,3
bsp,50,12,394,27,4,1,2
bsp,50,13,485,34,4,1,2
bsp,50,14,488,36,4,1,1
bsp,50,15,443,28,4,1,2
bsp,50,16,494,27,4,1,2
bsp,50,17,495,38,4,1,2
bsp,50,18,419,27,4,1,0
bsp,50,19,499,33,4,1,1
bsp,50,20,394,28,4,1,3
bsp,50,21,442,27,4,1,1
bsp,50,22,480,36,4,1,0
bsp,50,23,491,38,4,1,2
bsp,50,24,383,23,4,1,0
bsp,50,25,383,24,4,1,2
bsp,50,26,473,33,4,1,0
bsp,50,27,376,24,4,1,3
bsp,50,28,410,33,4,1,0
bsp,50,29,484,39,4,1,0
bsp,100,0,499,33,4,1,3
bsp,100,1,383,24,4,1,1
bsp,100,2,447,26,4,1,0
bsp,100,3,498,42,4,1,3
bsp,100,4,449,29,4,1,2
bsp,100,5,385,29,4,1,0
bsp,100,6,390,23,4,1,2
bsp,100,7,484,39,4,1,1
bsp,100,8,492,38,4,1,2
bsp,100,9,496,33,4,1,0
bsp,100,10,520,36,4,1,1
bsp,100,11,469,34,4,1,0
bsp,100,12,404,28,4,1,0
bsp,100,13,425,22,4,1,0
bsp,100,14,405,27,4,1,0
bsp,100,15,375,22,4,1,0
bsp,100,16,423,24,4,1,3
bsp,100,17,425,28,4,1,1
bsp,100,18,493,34,4,1,1
bsp,100,19,486,35,4,1,1
bsp,100,20,418,26,4,1,3
bsp,100,21,355,30,4,1,0
bsp,100,22,478,33,4,1,0
bsp,100,23,448,27,4,1,3
bsp,100,24,454,29,4,1,2
bsp,100,25,443,25,4,1,2
bsp,100,26,466,38,4,1,1
bsp,100,27,448,21,4,1,3
bsp,100,28,494,37,4,1,3
bsp,100,29,495,36,4,1,2
wfc,3,0,6392,3,4,1,1
wfc,3,1,6080,0,4,1,2
wfc,3,2,8893,3,4,1,2
wfc,3,3,4207,0,4,1,1
wfc,3,4,9115,2,4,1,3
wfc,3,5,9152,0,4,1,0
wfc,3,6,6007,3,4,1,0
wfc,3,7,4067,2,4,1,2
wfc,3,8,6241,3,4,1,3
wfc,3,9,4184,3,4,1,0
wfc,3,10,6287,1,4,1,0
wfc,3,11,5957,2,4,1,2
wfc,3,12,6126,0,4,1,2
wfc,3,13,6058,1,4,1,1
wfc,3,14,6083,0,4,1,0
wfc,3,15,6152,4,4,1,1
wfc,3,16,4106,0,4,1,1
wfc,3,17,4038,1,4,1,3
wfc,3,18,6004,1,4,1,3
wfc,3,19,9104,0,4,1,1
wfc,3,20,9140,3,4,1,0
wfc,3,21,8903,1,4,1,3
wfc,3,22,4072,1,4,1,0
wfc,3,23,6114,0,4,1,2
wfc,3,24,4020,2,4,1,1
wfc,3,25,3900,5,4,1,0
wfc,3,26,8631,3,4,1,0
wfc,3,27,6095,1,4,1,2
wfc,3,28,6205,2,4,1,1
wfc,3,29,6296,1,4,1,2
wfc,6,0,4240,7,4,1,1
wfc,6,1,4090,4,4,1,2
wfc,6,2,6177,2,4,1,2
wfc,6,3,4161,8,4,1,2
wfc,6,4,4114,5,4,1,3
wfc,6,5,4155,2,4,1,0
wfc,6,6,3915,3,4,1,2
wfc,6,7,8921,3,4,1,2
wfc,6,8,4266,5,4,1,2
wfc,6,9,4119,5,4,1,0
wfc,6,10,6324,5,4,1,2
wfc,6,11,8695,3,4,1,1
wfc,6,12,6108,4,4,1,1
wfc,6,13,8599,0,4,1,0
wfc,6,14,4202,5,4,1,1
wfc,6,15,9067,6,4,1,3
wfc,6,16,4105,4,4,1,3
wfc,6,17,8837,4,4,1,2
wfc,6,18,6002,3,4,1,0
wfc,6,19,6174,5,4,1,0
wfc,6,20,5847,1,4,1,0
wfc,6,21,6148,3,4,1,2
wfc,6,22,6097,2,4,1,3
wfc,6,23,8755,8,4,1,2
wfc,6,24,3929,5,4,1,3
wfc,6,25,4226,2,4,1,3
wfc,6,26,4003,2,4,1,2
wfc,6,27,6093,5,4,1,2
wfc,6,28,3908,3,4,1,1
wfc,6,29,4139,5,4,1,2
wfc,9,0,6208,4,4,1,3
wfc,9,1,9003,5,4,1,3
wfc,9,2,4115,6,4,1,2
wfc,9,3,6104,2,4,1,3
wfc,9,4,5988,8,4,1,1
wfc,9,5,8884,6,4,1,3
wfc,9,6,9005,9,4,1,3
wfc,9,7,5944,2,4,1,3
wfc,9,8,8991,5,4,1,0
wfc,9,9,4180,3,4,1,2
wfc,9,10,9211,1,4,1,2
wfc,9,11,4057,10,4,1,3
wfc,9,12,6058,6,4,1,3
wfc,9,13,4151,10,4,1,0
wfc,9,14,4228,7,4,1,2
wfc,9,15,6122,8,4,1,2
wfc,9,16,8722,6,4,1,3
wfc,9,17,6064,7,4,1,3
wfc,9,18,6166,6,4,1,1
wfc,9,19,6280,5,4,1,3
wfc,9,20,6166,5,4,1,1
wfc,9,21,8774,5,4,1,3
wfc,9,22,6162,4,4,1,1
wfc,9,23,4229,6,4,1,1
wfc,9,24,9065,2,4,1,1
wfc,9,25,8676,3,4,1,1
wfc,9,26,4025,6,4,1,3
wfc,9,27,4020,6,4,1,1
wfc,9,28,4012,5,4,1,2
wfc,9,29,6148,6,4,1,1
wfc,12,0,4096,7,4,1,3
wfc,12,1,6120,6,4,1,3
wfc,12,2,4108,9,4,1,2
wfc,12,3,6182,9,4,1,1
wfc,12,4,6131,4,4,1,1
wfc,12,5,9202,7,4,1,3
wfc,12,6,8910,9,4,1,0
wfc,12,7,6248,8,4,1,0
wfc,12,8,6141,10,4,1,2
wfc,12,9,4263,14,4,1,3
wfc,12,10,9032,12,4,1,0
wfc,12,11,5719,12,4,1,1
wfc,12,12,6096,6,4,1,3
wfc,12,13,6217,9,4,1,0
wfc,12,14,6381,4,4,1,2
wfc,12,15,4003,6,4,1,0
wfc,12,16,5942,10,4,1,2
wfc,12,17,4155,9,4,1,2
wfc,12,18,4160,6,4,1,1
wfc,12,19,4283,6,4,1,0
wfc,12,20,4167,9,4,1,1
wfc,12,21,6042,6,4,1,2
wfc,12,22,6149,7,4,1,3
wfc,12,23,3926,4,4,1,1
wfc,12,24,9288,10,4,1,1
wfc,12,25,6386,9,4,1,1
wfc,12,26,5963,9,4,1,1
wfc,12,27,8973,4,4,1,3
wfc,12,28,8447,9,4,1,1
wfc,12,29,5996,12,4,1,2
wfc,15,0,4209,7,4,1,1
wfc,15,1,4080,9,4,1,1
wfc,15,2,4099,11,4,1,1
wfc,15,3,9077,4,4,1,2
wfc,15,4,5948,9,4,1,1
wfc,15,5,4241,9,4,1,0
wfc,15,6,4035,16,4,1,3
wfc,15,7,4166,10,4,1,1
wfc,15,8,9409,4,4,1,2
wfc,15,9,4334,13,4,1,0
wfc,15,10,4293,11,4,1,1
wfc,15,11,6043,11,4,1,1
wfc,15,12,6089,6,4,1,0
wfc,15,13,6363,6,4,1,1
wfc,15,14,4209,14,4,1,1
wfc,15,15,8770,7,4,1,2
wfc,15,16,8402,12,4,1,2
wfc,15,17,6094,11,4,1,1
wfc,15,18,9032,10,4,1,3
wfc,15,19,8315,9,4,1,2
wfc,15,20,9196,8,4,1,2
wfc,15,21,6012,3,4,1,2
wfc,15,22,4022,11,4,1,1
wfc,15,23,9131,9,4,1,1
wfc,15,24,8815,11,4,1,1
wfc,15,25,6361,16,4,1,1
wfc,15,26,6057,13,4,1,0
wfc,15,27,6245,10,4,1,1
wfc,15,28,4188,10,4,1,2
wfc,15,29,8983,13,4,1,0
wfc,18,0,6369,3,4,1,1
wfc,18,1,8605,5,4,1,3
wfc,18,2,6058,4,4,1,1
wfc,18,3,6200,10,4,1,3
wfc,18,4,6485,15,4,1,3
wfc,18,5,4186,12,4,1,0
wfc,18,6,6211,12,4,1,3
wfc,18,7,6450,24,4,1,2
wfc,18,8,6492,11,4,1,1
wfc,18,9,3880,14,4,1,2
wfc,18,10,6417,15,4,1,0
wfc,18,11,8897,8,4,1,3
wfc,18,12,5837,12,4,1,1
wfc,18,13,8985,11,4,1,1
wfc,18,14,8953,12,4,1,3
wfc,18,15,4311,15,4,1,2
wfc,18,16,8849,13,4,1,3
wfc,18,17,6183,11,4,1,3
wfc,18,18,4163,14,4,1,2
wfc,18,19,9200,17,4,1,2
wfc,18,20,6454,13,4,1,3
wfc,18,21,4240,14,4,1,2
wfc,18,22,6378,13,4,1,0
wfc,18,23,4203,15,4,1,2
wfc,18,24,6296,10,4,1,3
wfc,18,25,9180,10,4,1,3
wfc,18,26,4008,19,4,1,1
wfc,18,27,4190,8,4,1,1
wfc,18,28,6227,14,4,1,1
wfc,18,29,10040,10,4,1,0
wfc,21,0,6758,12,4,1,1
wfc,21,1,6581,16,4,1,2
wfc,21,2,6001,12,4,1,1
wfc,21,3,6260,12,4,1,3
wfc,21,4,9200,9,4,1,3
wfc,21,5,6481,10,4,1,3
wfc,21,6,5968,13,4,1,1
wfc,21,7,4056,12,4,1,1
wfc,21,8,6386,17,4,1,3
wfc,21,9,6301,13,4,1,2
wfc,21,10,9300,6,4,1,3
wfc,21,11,8767,13,4,1,1
wfc,21,12,3841,15,4,1,0
wfc,21,13,9093,11,4,1,2
wfc,21,14,6275,12,4,1,2
wfc,21,15,9147,14,4,1,2
wfc,21,16,8839,15,4,1,2
wfc,21,17,4080,11,4,1,2
wfc,21,18,9158,18,4,1,1
wfc,21,19,4311,17,4,1,1
wfc,21,20,6282,10,4,1,1
wfc,21,21,6093,21,4,1,0
wfc,21,22,4116,13,4,1,0
wfc,21,23,9205,11,4,1,1
wfc,21,24,4287,10,4,1,1
wfc,21,25,9285,10,4,1,3
wfc,21,26,3859,21,4,1,0
wfc,21,27,4206,14,4,1,2
wfc,21,28,9153,19,4,1,2
wfc,21,29,9103,12,4,1,1
wfc,24,0,9508,16,4,1,0
wfc,24,1,4048,21,4,1,1
wfc,24,2,8952,36,4,1,2
wfc,24,3,9013,12,4,1,1
wfc,24,4,8925,12,4,1,3
wfc,24,5,6432,9,4,1,0
wfc,24,6,6055,16,4,1,0
wfc,24,7,4149,43,4,1,1
wfc,24,8,9155,23,4,1,2
wfc,24,9,6270,20,4,1,2
wfc,24,10,8707,20,4,1,3
wfc,24,11,6115,12,4,1,2
wfc,24,12,6261,18,4,1,2
wfc,24,13,4177,14,4,1,0
wfc,24,14,8845,18,4,1,0
wfc,24,15,8581,17,4,1,0
wfc,24,16,8677,20,4,1,0
wfc,24,17,4075,22,4,1,1
wfc,24,18,9121,17,4,1,0
wfc,24,19,6261,15,4,1,1
wfc,24,20,5846,30,4,1,1
wfc,24,21,8752,17,4,1,1
wfc,24,22,4220,15,4,1,3
wfc,24,23,8886,16,4,1,1
wfc,24,24,6281,19,4,1,2
wfc,24,25,8864,19,4,1,0
wfc,24,26,6211,14,4,1,3
wfc,24,27,6042,20,4,1,2
wfc,24,28,3874,17,4,1,0
wfc,24,29,4208,27,4,1,2
wfc,27,0,6341,18,4,1,1
wfc,27,1,4026,23,4,1,0
wfc,27,2,4191,35,4,1,3
wfc,27,3,4194,16,4,1,2
wfc,27,4,9282,16,4,1,2
wfc,27,5,4309,20,4,1,1
wfc,27,6,8692,19,4,1,0
wfc,27,7,8921,20,4,1,3
wfc,27,8,5698,20,4,1,1
wfc,27,9,9194,15,4,1,3
wfc,27,10,8632,15,4,1,3
wfc,27,11,5958,18,4,1,3
wfc,27,12,9013,20,4,1,3
wfc,27,13,8430,24,4,1,0
wfc,27,14,6281,18,4,1,0
wfc,27,15,9203,20,4,1,1
wfc,27,16,6448,18,4,1,2
wfc,27,17,8769,19,4,1,1
wfc,27,18,9493,18,4,1,0
wfc,27,19,6257,15,4,1,1
wfc,27,20,8724,19,4,1,0
wfc,27,21,8965,17,4,1,2
wfc,27,22,9165,19,4,1,1
wfc,27,23,6339,17,4,1,1
wfc,27,24,9023,19,4,1,0
wfc,27,25,8434,18,4,1,1
wfc,27,26,8758,20,4,1,0
wfc,27,27,6020,19,4,1,3
wfc,27,28,4288,9,4,1,3
wfc,27,29,6418,16,4,1,3
wfc,30,0,4283,23,4,1,3
wfc,30,1,8755,18,4,1,2
wfc,30,2,5619,30,4,1,1
wfc,30,3,4216,21,4,1,0
wfc,30,4,4289,23,4,1,3
wfc,30,5,6279,59,4,1,1
wfc,30,6,8669,24,4,1,3
wfc,30,7,4182,23,4,1,2
wfc,30,8,6293,17,4,1,2
wfc,30,9,9282,24,4,1,2
wfc,30,10,4336,17,4,1,3
wfc,30,11,9339,18,4,1,1
wfc,30,12,6195,20,4,1,3
wfc,30,13,8955,9,4,1,1
wfc,30,14,4233,24,4,1,2
wfc,30,15,8921,30,4,1,1
wfc,30,16,8950,20,4,1,1
wfc,30,17,8983,21,4,1,0
wfc,30,18,6461,20,4,1,0
wfc,30,19,4276,16,4,1,3
wfc,30,20,3951,16,4,1,1
wfc,30,21,8980,26,4,1,2
wfc,30,22,4205,19,4,1,3
wfc,30,23,8922,19,4,1,3
wfc,30,24,5827,28,4,1,1
wfc,30,25,6380,19,4,1,0
wfc,30,26,8793,16,4,1,1
wfc,30,27,9014,18,4,1,1
wfc,30,28,3914,17,4,1,0
wfc,30,29,5826,17,4,1,1
wfc,50,0,6233,34,4,1,3
wfc,50,1,8945,51,4,1,2
wfc,50,2,6217,39,4,1,0
wfc,50,3,9223,33,4,1,0
wfc,50,4,9090,30,4,1,2
wfc,50,5,4173,51,4,1,0
wfc,50,6,8991,38,4,1,3
wfc,50,7,8791,33,4,1,2
wfc,50,8,4037,47,4,1,1
wfc,50,9,4245,33,4,1,2
wfc,50,10,9290,35,4,1,2
wfc,50,11,6039,34,4,1,0
wfc,50,12,4133,48,4,1,2
wfc,50,13,9025,37,4,1,3
wfc,50,14,3833,44,4,1,3
wfc,50,15,9155,23,4,1,2
wfc,50,16,6005,32,4,1,0
wfc,50,17,6082,58,4,1,1
wfc,50,18,6298,37,4,1,0
wfc,50,19,6225,39,4,1,2
wfc,50,20,9513,40,4,1,2
wfc,50,21,8729,39,4,1,2
wfc,50,22,6080,49,4,1,1
wfc,50,23,6227,40,4,1,0
wfc,50,24,9358,38,4,1,2
wfc,50,25,9137,35,4,1,1
wfc,50,26,8595,39,4,1,1
wfc,50,27,4185,55,1,1,3
wfc,50,28,9059,33,4,1,3
wfc,50,29,5852,35,4,1,1
wfc,100,0,4342,73,1,0,0
wfc,100,1,8709,127,3,1,1
wfc,100,2,6283,108,1,0,0
wfc,100,3,6198,106,1,0,0
wfc,100,4,6361,102,1,1,0
wfc,100,5,4336,80,1,1,0
wfc,100,6,6149,110,0,0,0
wfc,100,7,6092,106,1,0,0
wfc,100,8,8749,115,4,1,3
wfc,100,9,4400,80,0,0,0
wfc,100,10,6374,103,1,0,0
wfc,100,11,4067,81,1,0,0
wfc,100,12,6222,108,1,0,0
wfc,100,13,6329,106,1,0,0
wfc,100,14,4248,80,1,0,0
wfc,100,15,4303,76,2,1,1
wfc,100,16,4293,79,1,0,0
wfc,100,17,6293,108,0,0,0
wfc,100,18,8864,116,3,1,1
wfc,100,19,8924,101,4,1,2
wfc,100,20,9048,102,4,1,0
wfc,100,21,9278,90,4,1,0
wfc,100,22,4122,79,1,0,0
wfc,100,23,4402,81,0,0,0
wfc,100,24,8949,125,1,1,1
wfc,100,25,4296,76,2,0,0
wfc,100,26,4085,79,2,1,1
wfc,100,27,4332,82,1,0,0
wfc,100,28,6265,110,0,0,0
wfc,100,29,8826,97,4,1,2
