method,enemy_count,trial,mean_us,samples
dijkstra,10,0,662.39,87
dijkstra,10,1,806.45,88
dijkstra,10,2,390.20,88
dijkstra,10,3,514.18,87
dijkstra,10,4,292.14,88
dijkstra,10,5,749.18,88
dijkstra,10,6,515.24,87
dijkstra,10,7,932.50,88
dijkstra,10,8,568.55,88
dijkstra,10,9,396.39,87
dijkstra,10,10,509.34,87
dijkstra,10,11,598.58,88
dijkstra,10,12,569.49,88
dijkstra,10,13,464.86,87
dijkstra,10,14,717.45,88
dijkstra,10,15,676.94,88
dijkstra,10,16,418.06,87
dijkstra,10,17,461.95,88
dijkstra,10,18,460.68,88
dijkstra,10,19,482.80,87
dijkstra,10,20,666.97,87
dijkstra,10,21,372.38,88
dijkstra,10,22,541.82,88
dijkstra,10,23,750.56,87
dijkstra,10,24,571.51,88
dijkstra,10,25,626.27,88
dijkstra,10,26,436.66,87
dijkstra,10,27,516.24,88
dijkstra,10,28,567.16,88
dijkstra,10,29,491.49,87
dijkstra,20,0,426.36,167
dijkstra,20,1,484.02,168
dijkstra,20,2,628.76,168
dijkstra,20,3,470.78,167
dijkstra,20,4,467.22,168
dijkstra,20,5,570.67,168
dijkstra,20,6,448.35,167
dijkstra,20,7,468.93,168
dijkstra,20,8,412.90,168
dijkstra,20,9,469.06,167
dijkstra,20,10,532.77,167
dijkstra,20,11,521.84,168
dijkstra,20,12,742.75,168
dijkstra,20,13,453.97,167
dijkstra,20,14,614.75,168
dijkstra,20,15,353.92,168
dijkstra,20,16,421.62,167
dijkstra,20,17,406.26,168
dijkstra,20,18,369.74,168
dijkstra,20,19,452.47,167
dijkstra,20,20,375.35,167
dijkstra,20,21,478.23,168
dijkstra,20,22,297.29,168
dijkstra,20,23,568.53,167
dijkstra,20,24,697.60,168
dijkstra,20,25,489.98,168
dijkstra,20,26,600.85,167
dijkstra,20,27,484.18,168
dijkstra,20,28,638.69,168
dijkstra,20,29,564.48,167
dijkstra,30,0,573.16,247
dijkstra,30,1,444.60,248
dijkstra,30,2,419.50,248
dijkstra,30,3,458.45,247
dijkstra,30,4,374.51,248
dijkstra,30,5,514.29,248
dijkstra,30,6,552.89,247
dijkstra,30,7,641.65,248
dijkstra,30,8,401.12,248
dijkstra,30,9,560.03,247
dijkstra,30,10,454.73,247
dijkstra,30,11,468.06,248
dijkstra,30,12,375.06,248
dijkstra,30,13,542.96,247
dijkstra,30,14,363.93,248
dijkstra,30,15,592.75,248
dijkstra,30,16,504.58,247
dijkstra,30,17,377.28,248
dijkstra,30,18,511.89,248
dijkstra,30,19,464.23,247
dijkstra,30,20,460.93,247
dijkstra,30,21,492.35,248
dijkstra,30,22,760.00,248
dijkstra,30,23,418.96,247
dijkstra,30,24,498.59,248
dijkstra,30,25,500.13,248
dijkstra,30,26,574.44,247
dijkstra,30,27,425.09,248
dijkstra,30,28,699.60,248
dijkstra,30,29,473.09,247
dijkstra,40,0,393.13,327
dijkstra,40,1,505.19,328
dijkstra,40,2,466.37,328
dijkstra,40,3,500.15,327
dijkstra,40,4,513.59,328
dijkstra,40,5,313.30,328
dijkstra,40,6,519.53,327
dijkstra,40,7,408.73,328
dijkstra,40,8,509.51,328
dijkstra,40,9,570.46,327
dijkstra,40,10,449.64,327
dijkstra,40,11,477.71,328
dijkstra,40,12,414.17,328
dijkstra,40,13,393.61,327
dijkstra,40,14,396.17,328
dijkstra,40,15,471.01,328
dijkstra,40,16,417.76,327
dijkstra,40,17,435.11,328
dijkstra,40,18,573.95,328
dijkstra,40,19,415.75,327
dijkstra,40,20,425.65,327
dijkstra,40,21,393.20,328
dijkstra,40,22,514.85,328
dijkstra,40,23,706.45,327
dijkstra,40,24,476.60,328
dijkstra,40,25,482.15,328
dijkstra,40,26,513.40,327
dijkstra,40,27,504.04,328
dijkstra,40,28,450.65,328
dijkstra,40,29,492.48,327
dijkstra,50,0,417.39,407
dijkstra,50,1,442.74,408
dijkstra,50,2,419.10,408
dijkstra,50,3,471.28,407
dijkstra,50,4,589.05,408
dijkstra,50,5,422.69,408
dijkstra,50,6,506.12,407
dijkstra,50,7,611.38,408
dijkstra,50,8,561.37,408
dijkstra,50,9,525.61,407
dijkstra,50,10,480.11,407
dijkstra,50,11,436.37,408
dijkstra,50,12,488.09,408
dijkstra,50,13,567.32,407
dijkstra,50,14,388.66,408
dijkstra,50,15,479.25,408
dijkstra,50,16,394.32,407
dijkstra,50,17,513.14,408
dijkstra,50,18,677.18,408
dijkstra,50,19,433.19,407
dijkstra,50,20,419.72,407
dijkstra,50,21,531.98,408
dijkstra,50,22,484.22,408
dijkstra,50,23,414.07,407
dijkstra,50,24,453.66,408
dijkstra,50,25,477.85,408
dijkstra,50,26,689.75,407
dijkstra,50,27,447.97,408
dijkstra,50,28,381.88,408
dijkstra,50,29,528.14,407
dijkstra,60,0,469.27,487
dijkstra,60,1,515.11,488
dijkstra,60,2,550.74,488
dijkstra,60,3,521.52,487
dijkstra,60,4,531.86,488
dijkstra,60,5,472.14,488
dijkstra,60,6,463.62,487
dijkstra,60,7,399.51,488
dijkstra,60,8,506.73,488
dijkstra,60,9,539.71,487
dijkstra,60,10,619.01,487
dijkstra,60,11,541.83,488
dijkstra,60,12,481.13,488
dijkstra,60,13,520.10,487
dijkstra,60,14,573.57,488
dijkstra,60,15,673.80,488
dijkstra,60,16,501.53,487
dijkstra,60,17,434.08,488
dijkstra,60,18,447.64,488
dijkstra,60,19,616.53,487
dijkstra,60,20,485.60,487
dijkstra,60,21,570.72,488
dijkstra,60,22,512.56,488
dijkstra,60,23,594.27,487
dijkstra,60,24,491.91,488
dijkstra,60,25,480.65,488
dijkstra,60,26,449.63,487
dijkstra,60,27,509.86,488
dijkstra,60,28,520.39,488
dijkstra,60,29,436.49,487
dijkstra,70,0,460.83,567
dijkstra,70,1,422.10,568
dijkstra,70,2,489.45,568
dijkstra,70,3,473.47,567
dijkstra,70,4,535.62,568
dijkstra,70,5,466.55,568
dijkstra,70,6,456.91,567
dijkstra,70,7,434.08,568
dijkstra,70,8,474.83,568
dijkstra,70,9,405.16,567
dijkstra,70,10,426.54,567
dijkstra,70,11,466.51,568
dijkstra,70,12,492.94,568
dijkstra,70,13,578.54,567
dijkstra,70,14,449.70,568
dijkstra,70,15,471.51,568
dijkstra,70,16,378.84,567
dijkstra,70,17,488.51,568
dijkstra,70,18,523.65,568
dijkstra,70,19,572.79,567
dijkstra,70,20,481.23,567
dijkstra,70,21,449.59,568
dijkstra,70,22,509.43,568
dijkstra,70,23,548.73,567
dijkstra,70,24,467.77,568
dijkstra,70,25,479.98,568
dijkstra,70,26,450.17,567
dijkstra,70,27,451.21,568
dijkstra,70,28,475.05,568
dijkstra,70,29,569.08,567
dijkstra,80,0,450.16,647
dijkstra,80,1,498.49,648
dijkstra,80,2,438.79,648
dijkstra,80,3,505.35,647
dijkstra,80,4,514.08,648
dijkstra,80,5,547.64,648
dijkstra,80,6,518.04,647
dijkstra,80,7,464.92,648
dijkstra,80,8,568.89,648
dijkstra,80,9,516.89,647
dijkstra,80,10,429.36,647
dijkstra,80,11,494.52,648
dijkstra,80,12,507.92,648
dijkstra,80,13,493.76,647
dijkstra,80,14,455.69,648
dijkstra,80,15,432.74,648
dijkstra,80,16,546.41,647
dijkstra,80,17,519.94,648
dijkstra,80,18,559.61,648
dijkstra,80,19,636.80,647
dijkstra,80,20,635.89,647
dijkstra,80,21,549.16,648
dijkstra,80,22,467.45,648
dijkstra,80,23,603.80,647
dijkstra,80,24,588.77,648
dijkstra,80,25,494.94,648
dijkstra,80,26,626.56,647
dijkstra,80,27,485.98,648
dijkstra,80,28,412.53,648
dijkstra,80,29,546.28,647
dijkstra,90,0,465.44,727
dijkstra,90,1,409.92,728
dijkstra,90,2,514.55,728
dijkstra,90,3,543.28,727
dijkstra,90,4,530.28,728
dijkstra,90,5,521.55,728
dijkstra,90,6,555.33,727
dijkstra,90,7,456.28,728
dijkstra,90,8,568.85,728
dijkstra,90,9,454.44,727
dijkstra,90,10,458.51,727
dijkstra,90,11,492.92,728
dijkstra,90,12,459.19,728
dijkstra,90,13,434.60,727
dijkstra,90,14,523.03,728
dijkstra,90,15,473.72,728
dijkstra,90,16,463.85,727
dijkstra,90,17,523.34,728
dijkstra,90,18,469.06,728
dijkstra,90,19,442.93,727
dijkstra,90,20,506.46,727
dijkstra,90,21,489.81,728
dijkstra,90,22,545.38,728
dijkstra,90,23,648.37,727
dijkstra,90,24,545.41,728
dijkstra,90,25,485.52,728
dijkstra,90,26,484.54,727
dijkstra,90,27,518.32,728
dijkstra,90,28,471.11,728
dijkstra,90,29,420.21,727
dijkstra,100,0,615.11,807
dijkstra,100,1,453.80,808
dijkstra,100,2,453.57,808
dijkstra,100,3,528.29,807
dijkstra,100,4,465.48,808
dijkstra,100,5,464.39,808
dijkstra,100,6,496.46,807
dijkstra,100,7,565.98,808
dijkstra,100,8,475.55,808
dijkstra,100,9,429.83,807
dijkstra,100,10,526.79,807
dijkstra,100,11,542.73,808
dijkstra,100,12,483.28,808
dijkstra,100,13,520.31,807
dijkstra,100,14,525.17,808
dijkstra,100,15,540.43,808
dijkstra,100,16,429.81,807
dijkstra,100,17,512.45,808
dijkstra,100,18,506.57,808
dijkstra,100,19,518.12,807
dijkstra,100,20,553.80,807
dijkstra,100,21,498.43,808
dijkstra,100,22,443.79,808
dijkstra,100,23,505.44,807
dijkstra,100,24,544.73,808
dijkstra,100,25,544.38,808
dijkstra,100,26,475.80,807
dijkstra,100,27,499.79,808
dijkstra,100,28,364.80,808
dijkstra,100,29,446.88,807
astar,10,0,163.05,87
astar,10,1,208.78,88
astar,10,2,196.75,88
astar,10,3,166.07,87
astar,10,4,136.91,88
astar,10,5,189.49,88
astar,10,6,150.03,87
astar,10,7,187.06,88
astar,10,8,185.22,88
astar,10,9,145.44,87
astar,10,10,152.39,87
astar,10,11,210.25,88
astar,10,12,184.50,88
astar,10,13,192.61,87
astar,10,14,164.18,88
astar,10,15,210.36,88
astar,10,16,169.45,87
astar,10,17,188.76,88
astar,10,18,138.65,88
astar,10,19,168.92,87
astar,10,20,156.08,87
astar,10,21,182.44,88
astar,10,22,172.55,88
astar,10,23,179.71,87
astar,10,24,174.88,88
astar,10,25,214.20,88
astar,10,26,156.61,87
astar,10,27,217.60,88
astar,10,28,224.86,88
astar,10,29,156.74,87
astar,20,0,124.38,167
astar,20,1,162.17,168
astar,20,2,139.48,168
astar,20,3,133.50,167
astar,20,4,148.40,168
astar,20,5,141.75,168
astar,20,6,113.78,167
astar,20,7,150.90,168
astar,20,8,134.96,168
astar,20,9,123.96,167
astar,20,10,114.31,167
astar,20,11,163.02,168
astar,20,12,143.70,168
astar,20,13,120.17,167
astar,20,14,137.70,168
astar,20,15,142.80,168
astar,20,16,138.81,167
astar,20,17,136.01,168
astar,20,18,130.76,168
astar,20,19,110.69,167
astar,20,20,147.73,167
astar,20,21,122.80,168
astar,20,22,112.50,168
astar,20,23,121.68,167
astar,20,24,137.89,168
astar,20,25,128.58,168
astar,20,26,149.01,167
astar,20,27,125.99,168
astar,20,28,120.84,168
astar,20,29,132.07,167
astar,30,0,120.11,247
astar,30,1,130.18,248
astar,30,2,118.16,248
astar,30,3,117.22,247
astar,30,4,117.65,248
astar,30,5,105.84,248
astar,30,6,127.55,247
astar,30,7,120.05,248
astar,30,8,106.88,248
astar,30,9,124.13,247
astar,30,10,105.01,247
astar,30,11,117.90,248
astar,30,12,110.77,248
astar,30,13,100.51,247
astar,30,14,127.18,248
astar,30,15,106.79,248
astar,30,16,128.71,247
astar,30,17,117.46,248
astar,30,18,125.79,248
astar,30,19,110.46,247
astar,30,20,121.15,247
astar,30,21,99.69,248
astar,30,22,119.00,248
astar,30,23,121.95,247
astar,30,24,113.19,248
astar,30,25,111.61,248
astar,30,26,119.90,247
astar,30,27,132.42,248
astar,30,28,106.87,248
astar,30,29,103.14,247
astar,40,0,99.45,327
astar,40,1,99.23,328
astar,40,2,104.92,328
astar,40,3,97.09,327
astar,40,4,80.98,328
astar,40,5,109.85,328
astar,40,6,103.51,327
astar,40,7,108.27,328
astar,40,8,111.81,328
astar,40,9,103.53,327
astar,40,10,96.28,327
astar,40,11,109.62,328
astar,40,12,119.87,328
astar,40,13,115.45,327
astar,40,14,118.30,328
astar,40,15,93.59,328
astar,40,16,108.63,327
astar,40,17,118.77,328
astar,40,18,103.26,328
astar,40,19,117.15,327
astar,40,20,101.90,327
astar,40,21,101.52,328
astar,40,22,108.64,328
astar,40,23,102.98,327
astar,40,24,103.77,328
astar,40,25,115.42,328
astar,40,26,92.50,327
astar,40,27,111.71,328
astar,40,28,113.71,328
astar,40,29,98.78,327
astar,50,0,103.50,407
astar,50,1,87.71,408
astar,50,2,93.40,408
astar,50,3,111.18,407
astar,50,4,109.53,408
astar,50,5,97.61,408
astar,50,6,93.10,407
astar,50,7,90.76,408
astar,50,8,97.50,408
astar,50,9,96.69,407
astar,50,10,110.34,407
astar,50,11,89.46,408
astar,50,12,97.77,408
astar,50,13,101.17,407
astar,50,14,90.68,408
astar,50,15,107.15,408
astar,50,16,103.68,407
astar,50,17,95.78,408
astar,50,18,97.39,408
astar,50,19,103.86,407
astar,50,20,87.96,407
astar,50,21,99.65,408
astar,50,22,96.89,408
astar,50,23,100.23,407
astar,50,24,115.66,408
astar,50,25,99.17,408
astar,50,26,90.81,407
astar,50,27,119.25,408
astar,50,28,96.77,408
astar,50,29,98.47,407
astar,60,0,83.29,487
astar,60,1,95.38,488
astar,60,2,101.75,488
astar,60,3,101.29,487
astar,60,4,96.30,488
astar,60,5,99.94,488
astar,60,6,86.73,487
astar,60,7,89.71,488
astar,60,8,84.64,488
astar,60,9,95.80,487
astar,60,10,87.69,487
astar,60,11,88.65,488
astar,60,12,81.61,488
astar,60,13,88.62,487
astar,60,14,89.97,488
astar,60,15,88.20,488
astar,60,16,90.32,487
astar,60,17,85.61,488
astar,60,18,86.99,488
astar,60,19,89.74,487
astar,60,20,82.82,487
astar,60,21,85.75,488
astar,60,22,81.94,488
astar,60,23,100.24,487
astar,60,24,91.80,488
astar,60,25,79.50,488
astar,60,26,89.07,487
astar,60,27,77.24,488
astar,60,28,92.88,488
astar,60,29,80.81,487
astar,70,0,87.28,567
astar,70,1,94.42,568
astar,70,2,88.04,568
astar,70,3,85.77,567
astar,70,4,89.20,568
astar,70,5,104.05,568
astar,70,6,84.65,567
astar,70,7,77.55,568
astar,70,8,74.91,568
astar,70,9,80.23,567
astar,70,10,80.54,567
astar,70,11,89.51,568
astar,70,12,77.65,568
astar,70,13,76.42,567
astar,70,14,85.40,568
astar,70,15,82.33,568
astar,70,16,80.79,567
astar,70,17,72.01,568
astar,70,18,98.35,568
astar,70,19,80.13,567
astar,70,20,82.53,567
astar,70,21,77.59,568
astar,70,22,91.79,568
astar,70,23,87.22,567
astar,70,24,99.67,568
astar,70,25,78.94,568
astar,70,26,84.90,567
astar,70,27,95.53,568
astar,70,28,80.82,568
astar,70,29,88.43,567
astar,80,0,84.85,647
astar,80,1,77.70,648
astar,80,2,80.23,648
astar,80,3,73.50,647
astar,80,4,87.15,648
astar,80,5,91.57,648
astar,80,6,89.37,647
astar,80,7,99.60,648
astar,80,8,90.08,648
astar,80,9,86.39,647
astar,80,10,90.90,647
astar,80,11,76.88,648
astar,80,12,89.95,648
astar,80,13,83.91,647
astar,80,14,90.24,648
astar,80,15,81.71,648
astar,80,16,72.96,647
astar,80,17,94.98,648
astar,80,18,79.05,648
astar,80,19,75.67,647
astar,80,20,90.47,647
astar,80,21,79.72,648
astar,80,22,80.05,648
astar,80,23,85.11,647
astar,80,24,92.05,648
astar,80,25,88.28,648
astar,80,26,75.64,647
astar,80,27,83.17,648
astar,80,28,82.50,648
astar,80,29,95.73,647
astar,90,0,72.90,727
astar,90,1,80.88,728
astar,90,2,87.18,728
astar,90,3,84.65,727
astar,90,4,82.95,728
astar,90,5,86.10,728
astar,90,6,85.82,727
astar,90,7,88.73,728
astar,90,8,81.96,728
astar,90,9,79.06,727
astar,90,10,79.79,727
astar,90,11,79.34,728
astar,90,12,85.91,728
astar,90,13,77.79,727
astar,90,14,89.64,728
astar,90,15,82.15,728
astar,90,16,79.69,727
astar,90,17,82.80,728
astar,90,18,82.79,728
astar,90,19,77.02,727
astar,90,20,85.16,727
astar,90,21,75.77,728
astar,90,22,82.87,728
astar,90,23,90.06,727
astar,90,24,85.54,728
astar,90,25,85.26,728
astar,90,26,84.74,727
astar,90,27,79.51,728
astar,90,28,76.60,728
astar,90,29,82.83,727
astar,100,0,81.03,807
astar,100,1,75.75,808
astar,100,2,82.21,808
astar,100,3,84.05,807
astar,100,4,77.49,808
astar,100,5,83.87,808
astar,100,6,81.08,807
astar,100,7,89.12,808
astar,100,8,81.81,808
astar,100,9,84.95,807
astar,100,10,78.62,807
astar,100,11,88.92,808
astar,100,12,83.14,808
astar,100,13,88.38,807
astar,100,14,82.05,808
astar,100,15,78.01,808
astar,100,16,78.10,807
astar,100,17,84.82,808
astar,100,18,79.73,808
astar,100,19,77.90,807
astar,100,20,85.79,807
astar,100,21,88.78,808
astar,100,22,86.60,808
astar,100,23,91.00,807
astar,100,24,86.61,808
astar,100,25,77.27,808
astar,100,26,88.21,807
astar,100,27,81.84,808
astar,100,28,86.61,808
astar,100,29,84.31,807
jps,10,0,233.68,87
jps,10,1,394.69,88
jps,10,2,255.19,88
jps,10,3,402.84,87
jps,10,4,266.78,88
jps,10,5,459.65,88
jps,10,6,225.21,87
jps,10,7,375.91,88
jps,10,8,401.01,88
jps,10,9,253.91,87
jps,10,10,386.37,87
jps,10,11,245.95,88
jps,10,12,423.16,88
jps,10,13,285.22,87
jps,10,14,257.70,88
jps,10,15,252.50,88
jps,10,16,408.51,87
jps,10,17,218.99,88
jps,10,18,448.10,88
jps,10,19,238.78,87
jps,10,20,267.34,87
jps,10,21,235.32,88
jps,10,22,383.31,88
jps,10,23,231.30,87
jps,10,24,202.17,88
jps,10,25,569.92,88
jps,10,26,427.30,87
jps,10,27,249.10,88
jps,10,28,190,88
jps,10,29,324.63,87
jps,20,0,220.25,167
jps,20,1,287.16,168
jps,20,2,360.24,168
jps,20,3,282.69,167
jps,20,4,304,168
jps,20,5,203.86,168
jps,20,6,229.75,167
jps,20,7,234.75,168
jps,20,8,282.55,168
jps,20,9,448.04,167
jps,20,10,303.47,167
jps,20,11,214.86,168
jps,20,12,385.91,168
jps,20,13,342.95,167
jps,20,14,174.18,168
jps,20,15,384.60,168
jps,20,16,544.35,167
jps,20,17,373.50,168
jps,20,18,293.98,168
jps,20,19,211.66,167
jps,20,20,245.39,167
jps,20,21,221.82,168
jps,20,22,222.15,168
jps,20,23,382.11,167
jps,20,24,174.65,168
jps,20,25,383.83,168
jps,20,26,366.85,167
jps,20,27,197.74,168
jps,20,28,492.98,168
jps,20,29,192.28,167
jps,30,0,223.42,247
jps,30,1,337.70,248
jps,30,2,285.22,248
jps,30,3,348.83,247
jps,30,4,253.52,248
jps,30,5,178.68,248
jps,30,6,207.84,247
jps,30,7,178.88,248
jps,30,8,232.25,248
jps,30,9,295.90,247
jps,30,10,159.41,247
jps,30,11,329.15,248
jps,30,12,262.39,248
jps,30,13,208.54,247
jps,30,14,229.06,248
jps,30,15,279.88,248
jps,30,16,284.54,247
jps,30,17,249.19,248
jps,30,18,297.81,248
jps,30,19,212.13,247
jps,30,20,182.61,247
jps,30,21,279.31,248
jps,30,22,296.37,248
jps,30,23,221.70,247
jps,30,24,181.96,248
jps,30,25,319.04,248
jps,30,26,266.51,247
jps,30,27,248.48,248
jps,30,28,214.86,248
jps,30,29,240.29,247
jps,40,0,244.56,327
jps,40,1,225.45,328
jps,40,2,224.49,328
jps,40,3,341.24,327
jps,40,4,188.43,328
jps,40,5,182.34,328
jps,40,6,291.56,327
jps,40,7,198.11,328
jps,40,8,284.36,328
jps,40,9,140.61,327
jps,40,10,315.35,327
jps,40,11,219.12,328
jps,40,12,207.94,328
jps,40,13,254.89,327
jps,40,14,269.12,328
jps,40,15,207.20,328
jps,40,16,288.36,327
jps,40,17,188.91,328
jps,40,18,188.20,328
jps,40,19,240.70,327
jps,40,20,288.69,327
jps,40,21,297.55,328
jps,40,22,249.11,328
jps,40,23,257.15,327
jps,40,24,223.65,328
jps,40,25,240.27,328
jps,40,26,187.74,327
jps,40,27,213.91,328
jps,40,28,250.23,328
jps,40,29,221.97,327
jps,50,0,188.40,407
jps,50,1,283.13,408
jps,50,2,205.50,408
jps,50,3,241.80,407
jps,50,4,212.82,408
jps,50,5,298.02,408
jps,50,6,255.12,407
jps,50,7,276.08,408
jps,50,8,269.47,408
jps,50,9,260.80,407
jps,50,10,217.74,407
jps,50,11,233.34,408
jps,50,12,247.68,408
jps,50,13,244.03,407
jps,50,14,197.47,408
jps,50,15,234.39,408
jps,50,16,244.12,407
jps,50,17,288.59,408
jps,50,18,236.10,408
jps,50,19,186.67,407
jps,50,20,212.72,407
jps,50,21,212.57,408
jps,50,22,213.14,408
jps,50,23,173.29,407
jps,50,24,234.58,408
jps,50,25,233.62,408
jps,50,26,137.72,407
jps,50,27,208.88,408
jps,50,28,153.01,408
jps,50,29,232.77,407
jps,60,0,176.04,487
jps,60,1,249.66,488
jps,60,2,206.69,488
jps,60,3,241.30,487
jps,60,4,264.75,488
jps,60,5,237.10,488
jps,60,6,180.38,487
jps,60,7,226.80,488
jps,60,8,292.04,488
jps,60,9,261.58,487
jps,60,10,221.18,487
jps,60,11,189.38,488
jps,60,12,301.90,488
jps,60,13,234.64,487
jps,60,14,182.73,488
jps,60,15,222.26,488
jps,60,16,175.69,487
jps,60,17,201.18,488
jps,60,18,279.83,488
jps,60,19,220.42,487
jps,60,20,206.81,487
jps,60,21,255.03,488
jps,60,22,253.12,488
jps,60,23,215.34,487
jps,60,24,205.30,488
jps,60,25,227.72,488
jps,60,26,202.65,487
jps,60,27,332.71,488
jps,60,28,299.86,488
jps,60,29,178.06,487
jps,70,0,239.79,567
jps,70,1,263.03,568
jps,70,2,250.61,568
jps,70,3,241.34,567
jps,70,4,239.02,568
jps,70,5,248.93,568
jps,70,6,241.97,567
jps,70,7,268.51,568
jps,70,8,252.46,568
jps,70,9,215,567
jps,70,10,219.11,567
jps,70,11,284.81,568
jps,70,12,212.95,568
jps,70,13,223.31,567
jps,70,14,239.60,568
jps,70,15,259.22,568
jps,70,16,206.11,567
jps,70,17,260.58,568
jps,70,18,192.62,568
jps,70,19,167.52,567
jps,70,20,266.68,567
jps,70,21,253.36,568
jps,70,22,216.54,568
jps,70,23,209.09,567
jps,70,24,223.37,568
jps,70,25,207.37,568
jps,70,26,226.79,567
jps,70,27,278.10,568
jps,70,28,174.38,568
jps,70,29,260.44,567
jps,80,0,226.68,647
jps,80,1,190.65,648
jps,80,2,176.77,648
jps,80,3,183.37,647
jps,80,4,243.96,648
jps,80,5,236.82,648
jps,80,6,180.59,647
jps,80,7,220.98,648
jps,80,8,208.01,648
jps,80,9,223.30,647
jps,80,10,222.05,647
jps,80,11,212.30,648
jps,80,12,229.81,648
jps,80,13,202.44,647
jps,80,14,246.06,648
jps,80,15,242.99,648
jps,80,16,226.11,647
jps,80,17,188.06,648
jps,80,18,180.71,648
jps,80,19,202.83,647
jps,80,20,196.36,647
jps,80,21,224.30,648
jps,80,22,210.76,648
jps,80,23,272.62,647
jps,80,24,221.87,648
jps,80,25,207.87,648
jps,80,26,175.77,647
jps,80,27,173.06,648
jps,80,28,217.88,648
jps,80,29,198.28,647
jps,90,0,234.64,727
jps,90,1,159.78,728
jps,90,2,236.84,728
jps,90,3,206.98,727
jps,90,4,165.98,728
jps,90,5,185.61,728
jps,90,6,210.19,727
jps,90,7,218.43,728
jps,90,8,205.62,728
jps,90,9,222.90,727
jps,90,10,209.70,727
jps,90,11,175.54,728
jps,90,12,287.47,728
jps,90,13,189.78,727
jps,90,14,249.87,728
jps,90,15,302.99,728
jps,90,16,255.46,727
jps,90,17,223.80,728
jps,90,18,224.83,728
jps,90,19,212.58,727
jps,90,20,303.68,727
jps,90,21,197.80,728
jps,90,22,227.98,728
jps,90,23,297.48,727
jps,90,24,304.81,728
jps,90,25,186.15,728
jps,90,26,291.67,727
jps,90,27,222.51,728
jps,90,28,242.62,728
jps,90,29,228.13,727
jps,100,0,192.98,807
jps,100,1,171.22,808
jps,100,2,245.70,808
jps,100,3,194.59,807
jps,100,4,216.73,808
jps,100,5,227.70,808
jps,100,6,306.06,807
jps,100,7,187.52,808
jps,100,8,191.88,808
jps,100,9,216.49,807
jps,100,10,254.04,807
jps,100,11,193.22,808
jps,100,12,221.87,808
jps,100,13,250.15,807
jps,100,14,196.59,808
jps,100,15,200.61,808
jps,100,16,201.05,807
jps,100,17,227.72,808
jps,100,18,157.95,808
jps,100,19,218.11,807
jps,100,20,161.77,807
jps,100,21,226.96,808
jps,100,22,194.16,808
jps,100,23,190.35,807
jps,100,24,216.16,808
jps,100,25,216.39,808
jps,100,26,222.97,807
jps,100,27,267.31,808
jps,100,28,220.98,808
jps,100,29,211.63,807
flowfield,10,0,955.43,7
flowfield,10,1,1044.25,8
flowfield,10,2,1010.88,8
flowfield,10,3,1023.57,7
flowfield,10,4,1011.62,8
flowfield,10,5,1059.62,8
flowfield,10,6,1041.29,7
flowfield,10,7,1033.88,8
flowfield,10,8,1021.88,8
flowfield,10,9,1011.43,7
flowfield,10,10,1062.14,7
flowfield,10,11,1047.62,8
flowfield,10,12,1034,8
flowfield,10,13,1022.43,7
flowfield,10,14,1050.25,8
flowfield,10,15,1029.25,8
flowfield,10,16,1021.14,7
flowfield,10,17,1037.38,8
flowfield,10,18,1018,8
flowfield,10,19,1013.14,7
flowfield,10,20,1029.86,7
flowfield,10,21,1023.62,8
flowfield,10,22,1037.12,8
flowfield,10,23,1031.57,7
flowfield,10,24,1030.50,8
flowfield,10,25,1027.62,8
flowfield,10,26,1025.14,7
flowfield,10,27,1022.50,8
flowfield,10,28,1037.12,8
flowfield,10,29,1022,7
flowfield,20,0,1012,7
flowfield,20,1,1015.50,8
flowfield,20,2,1021.88,8
flowfield,20,3,1003.43,7
flowfield,20,4,1032.50,8
flowfield,20,5,1025.62,8
flowfield,20,6,1023.71,7
flowfield,20,7,1022.38,8
flowfield,20,8,1021.62,8
flowfield,20,9,1053.57,7
flowfield,20,10,990.86,7
flowfield,20,11,1019.88,8
flowfield,20,12,1004.75,8
flowfield,20,13,1009.71,7
flowfield,20,14,1041.88,8
flowfield,20,15,1014.12,8
flowfield,20,16,1004.43,7
flowfield,20,17,1044.12,8
flowfield,20,18,990.12,8
flowfield,20,19,1019.71,7
flowfield,20,20,1041.86,7
flowfield,20,21,1007.50,8
flowfield,20,22,1020.75,8
flowfield,20,23,1045.71,7
flowfield,20,24,1030.75,8
flowfield,20,25,1007,8
flowfield,20,26,1040,7
flowfield,20,27,1024,8
flowfield,20,28,1046.38,8
flowfield,20,29,1053.14,7
flowfield,30,0,1040.43,7
flowfield,30,1,1054.75,8
flowfield,30,2,1014.88,8
flowfield,30,3,1016.71,7
flowfield,30,4,1042.62,8
flowfield,30,5,1013.25,8
flowfield,30,6,1000.71,7
flowfield,30,7,1032.12,8
flowfield,30,8,1035,8
flowfield,30,9,1027.86,7
flowfield,30,10,980.86,7
flowfield,30,11,1026.50,8
flowfield,30,12,1044,8
flowfield,30,13,1041.71,7
flowfield,30,14,1054.62,8
flowfield,30,15,1025,8
flowfield,30,16,1033.86,7
flowfield,30,17,1006.88,8
flowfield,30,18,1029.12,8
flowfield,30,19,1031.14,7
flowfield,30,20,1023.71,7
flowfield,30,21,1025.25,8
flowfield,30,22,1017.75,8
flowfield,30,23,1063.43,7
flowfield,30,24,1032.50,8
flowfield,30,25,1018.25,8
flowfield,30,26,999.29,7
flowfield,30,27,1018.50,8
flowfield,30,28,1045.75,8
flowfield,30,29,1039.29,7
flowfield,40,0,1002.43,7
flowfield,40,1,1029.62,8
flowfield,40,2,1053.12,8
flowfield,40,3,1011.43,7
flowfield,40,4,1009.25,8
flowfield,40,5,1049.62,8
flowfield,40,6,1025.57,7
flowfield,40,7,1031.25,8
flowfield,40,8,1028.88,8
flowfield,40,9,1041.14,7
flowfield,40,10,1063.86,7
flowfield,40,11,1016.12,8
flowfield,40,12,1046.75,8
flowfield,40,13,1024,7
flowfield,40,14,981.25,8
flowfield,40,15,1021.25,8
flowfield,40,16,1027,7
flowfield,40,17,1007.50,8
flowfield,40,18,1031.12,8
flowfield,40,19,1035.71,7
flowfield,40,20,1004.57,7
flowfield,40,21,1000.88,8
flowfield,40,22,998,8
flowfield,40,23,1017.71,7
flowfield,40,24,999.12,8
flowfield,40,25,1024.50,8
flowfield,40,26,1011.86,7
flowfield,40,27,990.75,8
flowfield,40,28,1005.75,8
flowfield,40,29,1019.57,7
flowfield,50,0,995.57,7
flowfield,50,1,1001.75,8
flowfield,50,2,1008.12,8
flowfield,50,3,1029.29,7
flowfield,50,4,1031.50,8
flowfield,50,5,1000.38,8
flowfield,50,6,1004.29,7
flowfield,50,7,978.88,8
flowfield,50,8,1015.75,8
flowfield,50,9,984.86,7
flowfield,50,10,992.86,7
flowfield,50,11,1003.62,8
flowfield,50,12,996.75,8
flowfield,50,13,1018.29,7
flowfield,50,14,1009.38,8
flowfield,50,15,1002.25,8
flowfield,50,16,1060.14,7
flowfield,50,17,999.88,8
flowfield,50,18,983.12,8
flowfield,50,19,1017.71,7
flowfield,50,20,1022.14,7
flowfield,50,21,1012.25,8
flowfield,50,22,971,8
flowfield,50,23,1028.71,7
flowfield,50,24,1014.25,8
flowfield,50,25,998.38,8
flowfield,50,26,983.57,7
flowfield,50,27,970.38,8
flowfield,50,28,998.25,8
flowfield,50,29,1009.14,7
flowfield,60,0,1009.57,7
flowfield,60,1,989.75,8
flowfield,60,2,975.88,8
flowfield,60,3,964.43,7
flowfield,60,4,995.50,8
flowfield,60,5,960.62,8
flowfield,60,6,987,7
flowfield,60,7,998.25,8
flowfield,60,8,1010,8
flowfield,60,9,1001.14,7
flowfield,60,10,1008.43,7
flowfield,60,11,989.38,8
flowfield,60,12,949.12,8
flowfield,60,13,980.71,7
flowfield,60,14,975.88,8
flowfield,60,15,991.62,8
flowfield,60,16,981.29,7
flowfield,60,17,1011.38,8
flowfield,60,18,959.50,8
flowfield,60,19,973.43,7
flowfield,60,20,1001.57,7
flowfield,60,21,1011,8
flowfield,60,22,980.38,8
flowfield,60,23,990,7
flowfield,60,24,946.12,8
flowfield,60,25,987.38,8
flowfield,60,26,1009.29,7
flowfield,60,27,1012.12,8
flowfield,60,28,1009.12,8
flowfield,60,29,985.71,7
flowfield,70,0,1005.14,7
flowfield,70,1,1005.75,8
flowfield,70,2,960,8
flowfield,70,3,969.43,7
flowfield,70,4,976.38,8
flowfield,70,5,980.38,8
flowfield,70,6,1027.86,7
flowfield,70,7,960,8
flowfield,70,8,981.12,8
flowfield,70,9,952,7
flowfield,70,10,945.86,7
flowfield,70,11,962.50,8
flowfield,70,12,1006.25,8
flowfield,70,13,987.43,7
flowfield,70,14,969.88,8
flowfield,70,15,954.12,8
flowfield,70,16,969.43,7
flowfield,70,17,974.50,8
flowfield,70,18,976.12,8
flowfield,70,19,1013.71,7
flowfield,70,20,966.71,7
flowfield,70,21,945.25,8
flowfield,70,22,1002.25,8
flowfield,70,23,950.14,7
flowfield,70,24,972.25,8
flowfield,70,25,1000,8
flowfield,70,26,1010.71,7
flowfield,70,27,1005.62,8
flowfield,70,28,970.62,8
flowfield,70,29,989.43,7
flowfield,80,0,969.14,7
flowfield,80,1,975.12,8
flowfield,80,2,998.38,8
flowfield,80,3,987.71,7
flowfield,80,4,992.88,8
flowfield,80,5,977.75,8
flowfield,80,6,981.57,7
flowfield,80,7,989.38,8
flowfield,80,8,1001.38,8
flowfield,80,9,973.71,7
flowfield,80,10,980,7
flowfield,80,11,956.62,8
flowfield,80,12,971.75,8
flowfield,80,13,979.43,7
flowfield,80,14,971.12,8
flowfield,80,15,961.62,8
flowfield,80,16,999.29,7
flowfield,80,17,988,8
flowfield,80,18,1008.62,8
flowfield,80,19,1020,7
flowfield,80,20,960.43,7
flowfield,80,21,960.75,8
flowfield,80,22,966.38,8
flowfield,80,23,995.71,7
flowfield,80,24,970,8
flowfield,80,25,966.62,8
flowfield,80,26,975.57,7
flowfield,80,27,952.38,8
flowfield,80,28,973.88,8
flowfield,80,29,1013.29,7
flowfield,90,0,1004.43,7
flowfield,90,1,960.50,8
flowfield,90,2,979.12,8
flowfield,90,3,976.86,7
flowfield,90,4,996.75,8
flowfield,90,5,998.88,8
flowfield,90,6,989,7
flowfield,90,7,1024.12,8
flowfield,90,8,966.62,8
flowfield,90,9,974.29,7
flowfield,90,10,1001.14,7
flowfield,90,11,1002.38,8
flowfield,90,12,973.12,8
flowfield,90,13,975.29,7
flowfield,90,14,971.62,8
flowfield,90,15,992.25,8
flowfield,90,16,989.86,7
flowfield,90,17,1005.75,8
flowfield,90,18,989.50,8
flowfield,90,19,1004.86,7
flowfield,90,20,955.86,7
flowfield,90,21,992.75,8
flowfield,90,22,960.50,8
flowfield,90,23,969,7
flowfield,90,24,992.25,8
flowfield,90,25,937.38,8
flowfield,90,26,952.71,7
flowfield,90,27,994.38,8
flowfield,90,28,978.88,8
flowfield,90,29,964.43,7
flowfield,100,0,966.29,7
flowfield,100,1,942.12,8
flowfield,100,2,996,8
flowfield,100,3,978.14,7
flowfield,100,4,989.12,8
flowfield,100,5,982.12,8
flowfield,100,6,976.86,7
flowfield,100,7,950.88,8
flowfield,100,8,980.25,8
flowfield,100,9,960.86,7
flowfield,100,10,991.86,7
flowfield,100,11,953.62,8
flowfield,100,12,981.38,8
flowfield,100,13,995.14,7
flowfield,100,14,979,8
flowfield,100,15,949.12,8
flowfield,100,16,980.43,7
flowfield,100,17,974.88,8
flowfield,100,18,969.88,8
flowfield,100,19,997.43,7
flowfield,100,20,987,7
flowfield,100,21,997.12,8
flowfield,100,22,977.88,8
flowfield,100,23,978.14,7
flowfield,100,24,989.38,8
flowfield,100,25,988.12,8
flowfield,100,26,975,7
flowfield,100,27,986.25,8
flowfield,100,28,985.25,8
flowfield,100,29,1027.86,7
navmesh,10,0,159.70,87
navmesh,10,1,217.25,88
navmesh,10,2,178.74,88
navmesh,10,3,191.77,87
navmesh,10,4,203.72,88
navmesh,10,5,202.05,88
navmesh,10,6,220.22,87
navmesh,10,7,207.36,88
navmesh,10,8,199.52,88
navmesh,10,9,158.72,87
navmesh,10,10,221.23,87
navmesh,10,11,189.45,88
navmesh,10,12,226.35,88
navmesh,10,13,188.55,87
navmesh,10,14,193.36,88
navmesh,10,15,139.30,88
navmesh,10,16,225.44,87
navmesh,10,17,193.98,88
navmesh,10,18,190.99,88
navmesh,10,19,145.21,87
navmesh,10,20,155.41,87
navmesh,10,21,235.90,88
navmesh,10,22,196.44,88
navmesh,10,23,156.18,87
navmesh,10,24,197.14,88
navmesh,10,25,166.68,88
navmesh,10,26,194.84,87
navmesh,10,27,198.56,88
navmesh,10,28,218.56,88
navmesh,10,29,186.36,87
navmesh,20,0,136.25,167
navmesh,20,1,100.75,168
navmesh,20,2,147.85,168
navmesh,20,3,154.07,167
navmesh,20,4,133.39,168
navmesh,20,5,181.36,168
navmesh,20,6,120.24,167
navmesh,20,7,121.23,168
navmesh,20,8,161.17,168
navmesh,20,9,142.10,167
navmesh,20,10,142.64,167
navmesh,20,11,153.61,168
navmesh,20,12,138.46,168
navmesh,20,13,169.03,167
navmesh,20,14,131.52,168
navmesh,20,15,127.57,168
navmesh,20,16,146.19,167
navmesh,20,17,170.22,168
navmesh,20,18,154.21,168
navmesh,20,19,145.56,167
navmesh,20,20,166.87,167
navmesh,20,21,178.39,168
navmesh,20,22,144.09,168
navmesh,20,23,154.89,167
navmesh,20,24,142.33,168
navmesh,20,25,129.80,168
navmesh,20,26,149.57,167
navmesh,20,27,157.35,168
navmesh,20,28,172.62,168
navmesh,20,29,139.72,167
navmesh,30,0,124.49,247
navmesh,30,1,136.54,248
navmesh,30,2,142.02,248
navmesh,30,3,122.04,247
navmesh,30,4,130.44,248
navmesh,30,5,112.18,248
navmesh,30,6,131.00,247
navmesh,30,7,127.02,248
navmesh,30,8,144.99,248
navmesh,30,9,133.96,247
navmesh,30,10,133.81,247
navmesh,30,11,143.21,248
navmesh,30,12,135.79,248
navmesh,30,13,125.28,247
navmesh,30,14,121.81,248
navmesh,30,15,130.76,248
navmesh,30,16,125.04,247
navmesh,30,17,142.05,248
navmesh,30,18,139.03,248
navmesh,30,19,138.42,247
navmesh,30,20,126.58,247
navmesh,30,21,135.19,248
navmesh,30,22,109.86,248
navmesh,30,23,135.93,247
navmesh,30,24,115.26,248
navmesh,30,25,126.07,248
navmesh,30,26,128.36,247
navmesh,30,27,127.91,248
navmesh,30,28,145.50,248
navmesh,30,29,132.25,247
navmesh,40,0,122.95,327
navmesh,40,1,115.22,328
navmesh,40,2,122.20,328
navmesh,40,3,98.65,327
navmesh,40,4,128.88,328
navmesh,40,5,113.69,328
navmesh,40,6,116.99,327
navmesh,40,7,127.54,328
navmesh,40,8,118.31,328
navmesh,40,9,120.01,327
navmesh,40,10,120.46,327
navmesh,40,11,111.59,328
navmesh,40,12,119.62,328
navmesh,40,13,103.02,327
navmesh,40,14,99.93,328
navmesh,40,15,113.69,328
navmesh,40,16,112.80,327
navmesh,40,17,118.09,328
navmesh,40,18,121.44,328
navmesh,40,19,138.51,327
navmesh,40,20,124.56,327
navmesh,40,21,110.04,328
navmesh,40,22,124.62,328
navmesh,40,23,111.78,327
navmesh,40,24,121.31,328
navmesh,40,25,118.55,328
navmesh,40,26,112.19,327
navmesh,40,27,120.91,328
navmesh,40,28,110.26,328
navmesh,40,29,130.60,327
navmesh,50,0,99.36,407
navmesh,50,1,125.59,408
navmesh,50,2,118.91,408
navmesh,50,3,100.72,407
navmesh,50,4,106.20,408
navmesh,50,5,94.25,408
navmesh,50,6,113.34,407
navmesh,50,7,113.99,408
navmesh,50,8,108.26,408
navmesh,50,9,97.56,407
navmesh,50,10,105.24,407
navmesh,50,11,108.77,408
navmesh,50,12,112.51,408
navmesh,50,13,88.51,407
navmesh,50,14,114.00,408
navmesh,50,15,122.65,408
navmesh,50,16,108.11,407
navmesh,50,17,116.92,408
navmesh,50,18,121.49,408
navmesh,50,19,119.35,407
navmesh,50,20,126.12,407
navmesh,50,21,125.80,408
navmesh,50,22,111.30,408
navmesh,50,23,122.21,407
navmesh,50,24,115.71,408
navmesh,50,25,109.62,408
navmesh,50,26,108.10,407
navmesh,50,27,106.41,408
navmesh,50,28,102.91,408
navmesh,50,29,98.30,407
navmesh,60,0,109.64,487
navmesh,60,1,101.31,488
navmesh,60,2,98.71,488
navmesh,60,3,84.58,487
navmesh,60,4,106.22,488
navmesh,60,5,102.31,488
navmesh,60,6,93.79,487
navmesh,60,7,97.05,488
navmesh,60,8,91.13,488
navmesh,60,9,100.28,487
navmesh,60,10,85.30,487
navmesh,60,11,107.15,488
navmesh,60,12,101.17,488
navmesh,60,13,99.43,487
navmesh,60,14,102.85,488
navmesh,60,15,95.36,488
navmesh,60,16,100.69,487
navmesh,60,17,108.97,488
navmesh,60,18,97.11,488
navmesh,60,19,95.64,487
navmesh,60,20,102.44,487
navmesh,60,21,88.14,488
navmesh,60,22,94.69,488
navmesh,60,23,95.83,487
navmesh,60,24,86.64,488
navmesh,60,25,104.78,488
navmesh,60,26,103.53,487
navmesh,60,27,95.73,488
navmesh,60,28,105.75,488
navmesh,60,29,102.13,487
navmesh,70,0,100.31,567
navmesh,70,1,90.50,568
navmesh,70,2,103.94,568
navmesh,70,3,93.37,567
navmesh,70,4,109.94,568
navmesh,70,5,103.24,568
navmesh,70,6,109.23,567
navmesh,70,7,102.51,568
navmesh,70,8,101.35,568
navmesh,70,9,81.41,567
navmesh,70,10,89.48,567
navmesh,70,11,107.00,568
navmesh,70,12,103.07,568
navmesh,70,13,98.59,567
navmesh,70,14,93,568
navmesh,70,15,92.25,568
navmesh,70,16,106.33,567
navmesh,70,17,104.35,568
navmesh,70,18,95.71,568
navmesh,70,19,94.64,567
navmesh,70,20,98.31,567
navmesh,70,21,98.36,568
navmesh,70,22,103.72,568
navmesh,70,23,91.49,567
navmesh,70,24,96.74,568
navmesh,70,25,95.77,568
navmesh,70,26,91.00,567
navmesh,70,27,105.89,568
navmesh,70,28,89.29,568
navmesh,70,29,85.90,567
navmesh,80,0,100.91,647
navmesh,80,1,97.44,648
navmesh,80,2,110.91,648
navmesh,80,3,106.12,647
navmesh,80,4,91.67,648
navmesh,80,5,105.22,648
navmesh,80,6,100.67,647
navmesh,80,7,98.83,648
navmesh,80,8,97.94,648
navmesh,80,9,100.93,647
navmesh,80,10,86.43,647
navmesh,80,11,99.32,648
navmesh,80,12,93.71,648
navmesh,80,13,93.04,647
navmesh,80,14,103.90,648
navmesh,80,15,91.60,648
navmesh,80,16,81.92,647
navmesh,80,17,103.85,648
navmesh,80,18,96.46,648
navmesh,80,19,87.21,647
navmesh,80,20,96.81,647
navmesh,80,21,98.52,648
navmesh,80,22,105.27,648
navmesh,80,23,96.58,647
navmesh,80,24,96.01,648
navmesh,80,25,101.61,648
navmesh,80,26,101.47,647
navmesh,80,27,95.67,648
navmesh,80,28,97.41,648
navmesh,80,29,100.15,647
navmesh,90,0,96.65,727
navmesh,90,1,107.03,728
navmesh,90,2,90.27,728
navmesh,90,3,103.73,727
navmesh,90,4,97.52,728
navmesh,90,5,97.41,728
navmesh,90,6,98.46,727
navmesh,90,7,95.25,728
navmesh,90,8,103.93,728
navmesh,90,9,96.29,727
navmesh,90,10,98,727
navmesh,90,11,103.88,728
navmesh,90,12,83.67,728
navmesh,90,13,102.85,727
navmesh,90,14,100.70,728
navmesh,90,15,106.55,728
navmesh,90,16,86.22,727
navmesh,90,17,95.65,728
navmesh,90,18,96.57,728
navmesh,90,19,98.45,727
navmesh,90,20,89.94,727
navmesh,90,21,89.97,728
navmesh,90,22,109.85,728
navmesh,90,23,95.74,727
navmesh,90,24,90.49,728
navmesh,90,25,96.14,728
navmesh,90,26,97.86,727
navmesh,90,27,101.25,728
navmesh,90,28,105.88,728
navmesh,90,29,99.82,727
navmesh,100,0,93.76,807
navmesh,100,1,87.68,808
navmesh,100,2,105.17,808
navmesh,100,3,101.37,807
navmesh,100,4,98.85,808
navmesh,100,5,99.75,808
navmesh,100,6,96.06,807
navmesh,100,7,96.12,808
navmesh,100,8,96.83,808
navmesh,100,9,99.79,807
navmesh,100,10,94.14,807
navmesh,100,11,97.75,808
navmesh,100,12,96.41,808
navmesh,100,13,93.75,807
navmesh,100,14,107.22,808
navmesh,100,15,102.14,808
navmesh,100,16,102.14,807
navmesh,100,17,94.34,808
navmesh,100,18,104.77,808
navmesh,100,19,82.25,807
navmesh,100,20,98.25,807
navmesh,100,21,92.92,808
navmesh,100,22,94.92,808
navmesh,100,23,92.29,807
navmesh,100,24,95.84,808
navmesh,100,25,89.81,808
navmesh,100,26,99.13,807
navmesh,100,27,97.73,808
navmesh,100,28,94.24,808
navmesh,100,29,89.14,807
